# Reporte,SUCURSAL,SOLICITANTE,PRIORIDAD,FECHA DEL REPORTE,PROVEEDOR,REPORTE DE MNTO,FECHA DE REALIZACIÓN DEL TRABAJO,FECHA DE CIERRE TICKET FORMS,COMENTARIOS,ESTATUS,COSTO DE MANTENIMIENTO,DILACIÓN,CATEGORÍA,ESTATUS PAGO,FECHA PAGO
MANTO-01079,LA PERLA,Arturo Gonzalez,Urgente,01/01/2026 19:01,MANTENIMIENTO,La mezcladora de la barra presente una fuga,02/01/2026 00:00,05/01/2026 08:32,SE CAMBIA CUELLO A LLAVE MEZCLADORA DE TARJA EN AREA DE BARRA,Terminado,135,1,"Mantenimiento General (Fontanería, Albañilería, Plomería o Carpintería)",,
MANTO-01080,RUBEN DARIO,Alberto,Urgente,02/01/2026 08:52,,Reparaciones de vitrinas de market,,,,,,,Mantenimiento de Refrigeración,,
MANTO-01081,LA PERLA,Jessie Miranda,Urgente,02/01/2026 13:45,,"Rampa resbaladiza en el area de acceso para proveedores, esta muy propenso a accidentes ya que por la inclinación y la pintura se vuelve muy resbaladizo.",,,,,,,"Mantenimiento General (Fontanería, Albañilería, Plomería o Carpintería)",,
MANTO-01082,LA PERLA,Arturo Gonzalez,Urgente,02/01/2026 14:03,MANTENIMIENTO,El contacto de las precoladoras empezó a oler a quemado,02/01/2026 00:00,05/01/2026 08:34,SE INSTALA CONTACTO NUEVO EN MURO DE BARRA PARA QUE YA NO SE ESTE JUNTANDO CON LOS CABLES,Terminado,100,0,"Mantenimiento General (Fontanería, Albañilería, Plomería o Carpintería)",,
MANTO-01083,LA PERLA,Arturo Gonzalez,Urgente,02/01/2026 14:05,MANTENIMIENTO,Cambio de aspas de vaso de licuadora,02/01/2026 00:00,05/01/2026 08:37,SE CAMBIA DE CUCHILLA NUEVA A VASO DE LICUADORA DE BARRA,Terminado,350,0,Mantenimiento de Electrodomésticos,,
MANTO-01084,ANDARES,Cuauhtemoc Martinez,Regular,03/01/2026 08:13,MANTENIMIENTO,Foco de la barra d bateo d cocina,05/01/2026 00:00,07/01/2026 09:16,SE CAMBIAN 2 FOCOS CHICHARRONEROS EN AREA DE PASE DE BARRA EN COCINA,Terminado,360,2,Mantenimiento de Focos Fundidos,,
MANTO-01085,LA PERLA,Isaac GH,Urgente,03/01/2026 14:52,MANTENIMIENTO,Tarjas soltando agua de la nada.,14/01/2026 00:00,21/01/2026 11:10,SE SONDEA CON SONDA MANUAL LAS REJILLAS DEL AREA DE COCINA,Terminado,0,11,"Mantenimiento General (Fontanería, Albañilería, Plomería o Carpintería)",,
MANTO-01086,PUNTO SUR,Karen Valdez,Urgente,03/01/2026 23:21,IRENE VALADEZ GAZCON,Las cerraduras de la puerta no funciona se traba y se pone muy dura para cerrar,12/01/2026 00:00,13/01/2026 19:48,"Herrajes instalados al máximo
Nivel de riel, no se puede elevar más la puerta",Terminado,2250,9,Mantenimiento de Mobiliario,PAGADO,29/01/2026 00:00
MANTO-01087,ANDARES,Cuauhtemoc Martinez,Urgente,04/01/2026 08:18,MANTENIMIENTO,"Hacer espacios y tapar aberturas en caja este espacio esta sellado y se ha caído dinero, bauch3ras etc",06/01/2026 00:00,07/01/2026 09:01,SE REALIZA UNA RANURA EN PERIL DE ALUMINIO PARA SACAR TODO LO QUE SE LES VA ENTRE PUERTA MUEBLE DE MADERA,Terminado,0,2,Mantenimiento de Mobiliario,,
MANTO-01088,RUBEN DARIO,STEPHANY RUBIO RODRIGUEZ,Urgente,04/01/2026 12:51,MANTENIMIENTO2,Una de las tablas de la terraza está sobre puesta se sale por completo del suelo,04/01/2026 00:00,07/01/2026 09:04,SE REALIZA ANCLAJE DE DUELA EN AREA DE TERRAZA,Terminado,0,0,"Mantenimiento General (Fontanería, Albañilería, Plomería o Carpintería)",,
MANTO-01089,LA PERLA,Humberto Javier Cervantes Almaraz,Regular,04/01/2026 16:00,MANTENIMIENTO,Foco fundido del baño de mujeres,05/01/2026 00:00,07/01/2026 08:57,SE CAMBIA FOCO FUNDIDO POR NUEVO EN BAÑO DE MUJERES,Terminado,65,1,Mantenimiento de Focos Fundidos,,
MANTO-01090,LA PERLA,Isaac GH,Urgente,04/01/2026 16:43,MANTENIMIENTO,"Microondas uno no calienta, el otro huele a plástico quemado cuando se pone a trabajar. Ninguno de los dos calienta.",09/01/2026 00:00,14/01/2026 07:15,SE LLEVAN A REPARAR 2 HORNOS DE MICROONDAS Y SE ENTREGAN EN AREA DE COCINA,Terminado,3200,5,Mantenimiento de Electrodomésticos,,
MANTO-01091,PUNTO SUR,Martha Munoz,Urgente,05/01/2026 06:59,MANTENIMIENTO,La tarja de la cocina tiene una fuga de agua,05/01/2026 00:00,07/01/2026 08:53,SE ACOMODA EPAQUE SE REAPRIETA TUERCA DE TRAPA DE TARJA EN COCINA,Terminado,0,0,"Mantenimiento General (Fontanería, Albañilería, Plomería o Carpintería)",,
MANTO-01092,PUNTO SUR,Aldo Fuentes,Urgente,05/01/2026 09:53,MANTENIMIENTO,Fijar puerta de entrada a cocina se callo la bisagra,07/01/2026 00:00,12/01/2026 09:01,SE CABIA BISAGRA A PUERTA DE ENTRADA A COCINA,Terminado,600,2,"Mantenimiento General (Fontanería, Albañilería, Plomería o Carpintería)",,
MANTO-01093,ANDARES,Cuauhtemoc Martinez,Regular,05/01/2026 11:17,,Hay q hablar a proveedores para que den mantenimiento al refrigerador de exibicion. Tienen q quitar los vidrios darle limpieza y ensamblarlos correctamente para que no se filtre el aire y se empañe.,,,,,,,Mantenimiento de Refrigeración,,
MANTO-01094,LA PERLA,Francisco Lopez,Urgente,06/01/2026 09:40,MANTENIMIENTO,"Foco fundido en el baño de mujeres, se requiere cambio a la brevedad posible",05/01/2026 00:00,07/01/2026 09:28,SE CAMBIA FOCO FUNDIDO POR PARTE DE CAPITAN DE LA PERLA,Terminado,75,-1,Mantenimiento de Focos Fundidos,,
MANTO-01095,ANDARES,Cuauhtemoc Martinez,Regular,06/01/2026 11:09,MANTENIMIENTO,Colocar corcho en caja para documentos,06/01/2025 00:00,07/01/2026 09:10,SE COLOCA PIZARRON DE CORCHO EN AREA DE CAJA,Terminado,0,0,Mantenimiento de Mobiliario,,
MANTO-01096,CEDIS,Alan Diaz,Urgente,06/01/2026 12:48,DOMESTICOSAS,Falla en el Ivario Cedis,30/12/2025 00:00,06/01/2026 16:44,"Servicio de reparación de batea ivario ,revisión y cambio de fusibles",Terminado,1600,-7,Mantenimiento de Electrodomésticos,PAGADO,08/01/2026 00:00
MANTO-01097,RUBEN DARIO,Santiago Aceves,Regular,06/01/2026 20:27,MANTENIMIENTO2,CAMBIO DE LUMINARIA EN CAMAPBA DE EXTRACCION,17/01/2026 00:00,26/01/2026 21:07,SE REALIZA SUMINISTRO E INSTALACION DE REFLECTOR LED 127V 20W EN PLANCHA,Terminado,150,11,"Mantenimiento General (Fontanería, Albañilería, Plomería o Carpintería)",,
MANTO-01098,PUNTO SUR,Martha MunoZ,Urgente,07/01/2026 07:45,MANTENIMIENTO,Las paredes de los baños se notan sucias y manchadas,21/01/2026 00:00,21/01/2026 08:36,SE APLICA PASTA A MUROS DE LOS 2 BAÑOS DE CLIENTES,Terminado,500,14,"Mantenimiento General (Fontanería, Albañilería, Plomería o Carpintería)",,
MANTO-01099,ANDARES,Dominique Novoa,Urgente,07/01/2026 13:45,MANTENIMIENTO,Se safo de nuevo el barandal de las escaleras,26/01/2026 00:00,03/02/2026 10:23,SE COLOCAN 3 BASES JUNTO CON POSTES A PASAMANOA PARA QUE QUEDE MAS FUERTE Y NO SE ESTE COLGANDO,Terminado,460,19,Mantenimiento de Mobiliario,,
MANTO-01100,CEDIS,Alan Diaz,Urgente,07/01/2026 13:53,,Empaques en mala calidad y despegados,,,,,,,Mantenimiento de Hornos de Piedra,,
MANTO-01101,ANDARES,Dominique,Regular,07/01/2026 14:55,MANTENIMIENTO,Está rota la tapadera de la taza del baño,30/01/2026 00:00,03/02/2026 10:17,SE SUSTITUYE ASIENTO DAÑADO POR NUEVO EN TASA DE BAÑO DE DAMAS DE CLIENTES,Terminado,650,23,Mantenimiento de Mobiliario,,
MANTO-01102,CEDIS,Alan Diaz,Urgente,08/01/2026 10:01,,Gotera en contenedor de horno Comisariato,,,,,,,Mantenimiento de Electrodomésticos,,
MANTO-01103,PUNTO SUR,EDUARDO CORTES SALAZAR,Urgente,08/01/2026 16:26,DOMESTICOSAS,MANTENIMIENTO A LA REBANADORA,07/01/2026 00:00,19/01/2026 17:05,"Servicio de reparación de rebanadora, afilado de disco, ajuste de bujes, instalación de 2 patas y limpieza en general",Terminado,1700,-1,Mantenimiento de Electrodomésticos,PAGADO,29/01/2026 00:00
MANTO-01104,PUNTO SUR,Martha Munoz,Urgente,09/01/2026 11:23,MANTENIMIENTO,Los baños de comensales ( Hombres) tiene mal aspecto en el acabado de la pintura,19/01/2026 00:00,21/01/2026 08:58,SE APLICA PASTA EN MUROS DE 2 BAÑOS DE CLIENTES,Terminado,0,10,"Mantenimiento General (Fontanería, Albañilería, Plomería o Carpintería)",,
MANTO-01105,ANDARES,Dominique Novoa,Urgente,09/01/2026 11:53,IRENE VALADEZ GAZCON,Gotera de aceite frente a escaleras,04/02/2026 00:00,04/02/2026 22:58,"Hay evidencia de rastro de grasa en las
Juntas de los ductos, posiblemente no se esté realizando adecuadamente la limpieza de los mismos, la unión de los ductos pudiera ser que no tenga el engarce correcto.",Terminado,3850,26,"Mantenimiento General (Fontanería, Albañilería, Plomería o Carpintería)",PAGADO,19/02/2026 00:00
MANTO-01106,ANDARES,Dominique,Urgente,09/01/2026 11:56,MANTENIMIENTO,Pintura de la unidad,23/01/2026 00:00,26/01/2026 10:07,SE DA UNA MANO DE PINTURA A MURO EN AREA DE RESTAURANTE SE EMPASTAN DETALLES,Terminado,0,14,"Mantenimiento General (Fontanería, Albañilería, Plomería o Carpintería)",,
MANTO-01107,RUBEN DARIO,Alberto,Urgente,09/01/2026 15:38,MANTENIMIENTO2,Seguro roto de cortina,30/01/2026 00:00,03/03/2026 12:53,SE REALIZA APLICACION DE SOLDADURA EN BASE GANCHO PARA CORTINAS DE TERRAZA,Terminado,0,21,Mantenimiento de Mobiliario,,
MANTO-01108,RUBEN DARIO,Santiago Aceves,Urgente,09/01/2026 16:35,MANTENIMIENTO2,"Licuadora está barrida la base, falta cambairla",15/01/2026 00:00,26/01/2026 20:40,SE REALIZA SUMINISTRO E INSTALACION DE ASPAS A LICUADORA DE COCINA,Terminado,70,6,Mantenimiento de Electrodomésticos,,
MANTO-01109,LA PERLA,Isaac GH,Urgente,09/01/2026 17:16,MANTENIMIENTO,Refrigerador vertical con ruido raro y la puerta no cierra bien.,09/01/2026 00:00,12/01/2026 08:30,SE ACOMODA REFRIGERADOR EN BASE Y SE SACA EMPAQUE PARA QUE SELLE BIEN LA PUERTA,Terminado,0,0,Mantenimiento de Refrigeración,,
MANTO-01110,RUBEN DARIO,Ximena Patino Flores,Urgente,10/01/2026 10:31,MANTENIMIENTO2,Fuga de agua en la llave de filtro de barra fría,15/01/2026 00:00,26/01/2026 20:48,SE REALIZA AJUSTE EN LLAVE DE FILTRO AREA DE BARRA FRIA,Terminado,0,5,"Mantenimiento General (Fontanería, Albañilería, Plomería o Carpintería)",,
MANTO-01111,RUBEN DARIO,Alberto,Urgente,11/01/2026 08:46,MANTENIMIENTO2,Fuga en mingitorio,12/01/2026 00:00,26/01/2026 20:26,SE REALIZA SUMINSTRO E INSTALACION DE CESPOL EN MINGITORIO BAÑOS DE CLIENTES,Terminado,90,1,"Mantenimiento General (Fontanería, Albañilería, Plomería o Carpintería)",,
MANTO-01112,BERNOS,Aldo Martinez,Urgente,11/01/2026 13:40,MANTENIMIENTO2,Arreglar puerta del baño de hombres,12/01/2026 00:00,26/01/2026 21:00,SE REALIZA REPARACION DE PUERTA EN AREA DE BAÑOS HOMBRES SE AJUSTAN BISAGRAS,Terminado,0,1,Mantenimiento de Mobiliario,,
MANTO-01113,LA PERLA,Isaac GH,Urgente,11/01/2026 16:18,MANTENIMIENTO,Enchufe de la máquina de loza sacó chispas.,12/01/2026 00:00,21/01/2026 11:14,SE CORRIGE CORTO EN CABLEADO DE LAVALOZA,Terminado,0,1,Mantenimiento de Lavaloza,,
MANTO-01114,CEDIS,Alan Diaz,Urgente,12/01/2026 07:30,,"El botón de movimiento del ivario parece ester barrido, gira y no se mueve nada en la pantalla",,,,,,,Mantenimiento de Electrodomésticos,,
MANTO-01115,LA PERLA,Jessie Miranda,Urgente,12/01/2026 09:47,REFRIGERACIÓN TOTAL,"Mantenimiento del aire acondicionado de MZN, ya no funciona bien.",10/01/2026 00:00,13/01/2026 12:30,El equipo es agua helada,Terminado,1500,-2,"Mantenimiento General (Fontanería, Albañilería, Plomería o Carpintería)",PAGADO,29/01/2026 00:00
MANTO-01116,LA PERLA,Jessie Miranda,Urgente,12/01/2026 09:51,,"Reparacion de sillas, ya se están deformando los hilos y las patas se doblan",,,,,,,"Mantenimiento General (Fontanería, Albañilería, Plomería o Carpintería)",,
MANTO-01117,LA PERLA,Jessie Miranda,Urgente,12/01/2026 09:54,,"Limpieza de toldos y techo de la terraza, ya están llenos de restos de pajaro y muchas hojas de los arboles.",,,,,,,"Mantenimiento General (Fontanería, Albañilería, Plomería o Carpintería)",,
MANTO-01118,PUNTO SUR,Pulir el piso de la entrada de la puerta principal,Urgente,12/01/2026 18:49,MANTENIMIENTO,Pulir o lijar el piso de la entrada principal del restaurante,21/01/2026 00:00,21/01/2026 09:01,SE DEJA PISO ASI A QUE EL TAPETE DE ENTRADA TAPA ESA RASPADA PARA QUE BAJE EL CERROJO DE LA PUERTA,Terminado,0,9,"Mantenimiento General (Fontanería, Albañilería, Plomería o Carpintería)",,
MANTO-01119,CEDIS,Alan Diaz,Urgente,13/01/2026 07:31,,"Los dos turbos dejaron de funcionar, no prenden",,,,,,,Mantenimiento de Electrodomésticos,,
MANTO-01120,ANDARES,Dominique,Urgente,13/01/2026 09:01,MANTENIMIENTO,Pintura de mezzanine,27/01/2026 00:00,03/02/2026 10:03,SE COLOCA PASTA A DETALLE EN TECHO DE MEZANINE,Terminado,0,14,"Mantenimiento General (Fontanería, Albañilería, Plomería o Carpintería)",,
MANTO-01121,ANDARES,Dominique,Regular,13/01/2026 09:24,,Solicitamos fumigación líquida nocturna correo enviado,,,,,,,Mantenimiento de Fumigación,,
MANTO-01122,LA PERLA,Isaac GH,Urgente,13/01/2026 13:15,,Lavaloza fugando agua y haciendo un charco.,,,,Terminado,,,Mantenimiento de Lavaloza,,
MANTO-01123,BERNOS,Noe armando enciso contreras,Regular,13/01/2026 15:09,MANTENIMIENTO2,2 focos fundidos de la campana que esta arriba del horno rational y Freídora,15/01/2026 00:00,26/01/2026 20:54,SE REALIZA CAMBIO DE FOCOS LUZ BLANCA 127V EN PLANCHA,Terminado,100,2,Mantenimiento de Focos Fundidos,,
MANTO-01124,ANDARES,Cuauhtemoc Martinez,Urgente,14/01/2026 10:16,JUAN CARLOS MONTES RENTERIA,"De forma urgente muy urgente. Cambiar tubería de agua d3 sótano donde 3sta la trampa de grasa. Ya se había reportado que ese material no era el correcto, se doblo x la temperatura y esta a punto de romperse, puede ocasionar accidente manchar algún coche y generar alguna multa a la empresa.",15/01/2026 00:00,26/01/2026 13:53,Se entrega la instalación a gerencia en turno trabajando normal el mismo día del cambio.,Terminado,2200,1,"Mantenimiento General (Fontanería, Albañilería, Plomería o Carpintería)",PAGADO,29/01/2026 00:00
MANTO-01125,ANDARES,Cuauhtemoc Martinez,Urgente,14/01/2026 10:27,,Se encontró bastante huevecillo de cucaracha en la trampa de grasa de sótano 2. Se recomienda fumigar de inmediato y hacer limpieza programada de esta trampa de grasa en 15 dias,,,,,,,Mantenimiento de Fumigación,,
MANTO-01126,BERNOS,Noe armando enciso contreras,Regular,15/01/2026 14:33,,"Contacto de filtro del agua de la cocina ,hizo corto",,,,,,,"Mantenimiento General (Fontanería, Albañilería, Plomería o Carpintería)",,
MANTO-01127,BERNOS,Noe armando enciso contreras,Regular,15/01/2026 14:37,MANTENIMIENTO2,"Cajón de refrigerador caído, del área de fogones de la cocina principal",19/02/2026 00:00,03/03/2026 11:36,SE REALIZA AJUSTE EN EMPAQUES DE LAS PUERTAS DE REFRIGERADOR,Terminado,0,35,Mantenimiento de Refrigeración,,
MANTO-01128,PUNTO SUR,Diego Hernandez Valenzuela,Urgente,16/01/2026 10:05,MANTENIMIENTO,Ensamblar barra madera de la puerta de las escaleras,19/01/2026 00:00,21/01/2026 08:40,SE COLOCA TABLA A PUERTA Y SE LEVANTA YA QUE ESTABA CAIDA QUEDANDO BIEN,Terminado,0,3,"Mantenimiento General (Fontanería, Albañilería, Plomería o Carpintería)",,
MANTO-01129,RUBEN DARIO,Santiago Aceves,Regular,18/01/2026 10:14,MANTENIMIENTO2,"Garantía de lavamanos, no funciona el pedal de accion",30/01/2026 00:00,09/02/2026 15:15,SE REALIZA INSTALACION DE TARJA POR GARANTIA,Terminado,200,12,"Mantenimiento General (Fontanería, Albañilería, Plomería o Carpintería)",,
MANTO-01130,LA PERLA,Alejandra Guadalupe Gonzalez Lopez,Urgente,18/01/2026 13:01,MANTENIMIENTO,Solicito reparación de puerta baño de niñas,22/01/2026 00:00,21/01/2026 11:18,SE CAMBIAN 5 BISAGRAS A PUERTAS DE MUEBLES DE LOS BAÑOS DE CLIENTES,Terminado,60,4,"Mantenimiento General (Fontanería, Albañilería, Plomería o Carpintería)",,
MANTO-01131,RUBEN DARIO,Santiago Aceves,Regular,19/01/2026 12:08,DOMESTICOSAS,"REPARACIÓN DE SALAMANDRA , falla de pilotos y flama del lado izquierdo se apaga",30/01/2026 00:00,18/02/2026 17:58,"Revisión de pilotos, valvulas, líneas de gas,limpieza de quemadores de salamandra",Terminado,1900,11,"Mantenimiento General (Fontanería, Albañilería, Plomería o Carpintería)",PAGADO,26/02/2026 00:00
MANTO-01132,LA PERLA,Isaac GH,Urgente,19/01/2026 14:55,,"Microondas recién reparados, uno no enciende y el otro no calienta.",,,,,,,Mantenimiento de Electrodomésticos,,
MANTO-01133,RUBEN DARIO,Alberto,Urgente,19/01/2026 19:11,,Reparacion de manguera filtro y tarja de barra,,,,,,,"Mantenimiento General (Fontanería, Albañilería, Plomería o Carpintería)",,
MANTO-01134,RUBEN DARIO,Alberto,Urgente,19/01/2026 19:13,IRENE VALADEZ GAZCON,Cambio de piso de terraza,18/01/2026 00:00,19/01/2026 23:28,"El piso existente ya cuenta con desgaste por uso, bastidor si tiene que realizar remplazo de piezas dañadas, faltan fijaciones y clips",Terminado,32800,-1,"Mantenimiento General (Fontanería, Albañilería, Plomería o Carpintería)",PAGADO,06/02/2026 00:00
MANTO-01135,RUBEN DARIO,Santiago Aceves,Urgente,19/01/2026 19:56,MANTENIMIENTO2,Conector o enchufe de refrigerador en mal estado hace que bote la pastilla,22/01/2026 00:00,09/02/2026 15:06,SE REALIZA REAPRIETE DE PASTILLA TERMOMAGNETICA DE TABLERO ELECTRICO,Terminado,0,3,Mantenimiento de Refrigeración,,
MANTO-01136,RUBEN DARIO,Santiago Aceves,Regular,20/01/2026 12:40,MANTENIMIENTO2,Limpieza de ventiladores en refrigeradores de cocina,20/01/2026 00:00,26/01/2026 20:18,SE REALIZA LIMPIEZA DE VENTILADORES Y CARCASA DE REFRIGERADORES,Terminado,0,0,Mantenimiento de Refrigeración,,
MANTO-01137,LA PERLA,Jessie Miranda,Urgente,20/01/2026 14:45,MANTENIMIENTO,Mantenimiento y chequeo de lineas de aire acondicionado del área de los lockers de colaboradores.,30/01/2026 00:00,03/02/2026 09:56,SE REALIZA MANTENIMIENTO Y LIMPIEZA A CONDENSADORA DE AREA DE LOCKERTS,Terminado,0,10,Mantenimiento de Refrigeración,,
MANTO-01138,LA PERLA,Jessie Miranda,Urgente,20/01/2026 14:47,,Chequeo de cámaras y limpieza ya que algunas están apagadas como la del área de lockers de colaboradores,,,,,,,Mantenimiento de Electrodomésticos,,
MANTO-01139,LA PERLA,Jessie Miranda,Urgente,20/01/2026 14:53,,Agregar antiderrapante a la rampa de entrada de proveedores.,,,,,,,"Mantenimiento General (Fontanería, Albañilería, Plomería o Carpintería)",,
MANTO-01140,CORPORATIVO,Axel Aceves,Regular,21/01/2026 08:59,,Instalación de cable de red de los servidores hasta la nueva oficina para conectar un modem,,,,,,,"Mantenimiento General (Fontanería, Albañilería, Plomería o Carpintería)",,
MANTO-01141,LA PERLA,Isaac GH,Urgente,21/01/2026 11:09,MANTENIMIENTO,Baño tapado de colaboradores.,23/01/2026 00:00,26/01/2026 09:58,SE METE SONDA MANUAL A TASA DE BAÑO QUEDANDO YA DESTAPADA,Terminado,0,2,"Mantenimiento General (Fontanería, Albañilería, Plomería o Carpintería)",,
MANTO-01142,LA PERLA,Isaac GH,Urgente,21/01/2026 11:10,MANTENIMIENTO,Tarja no se va el agua.,23/01/2026 00:00,26/01/2026 10:00,SE DESTAPA CESPOL PARA SACAR TAPON QUE QUEDARA DESTAPADA TARJA DE AREA DE COCINA,Terminado,0,2,"Mantenimiento General (Fontanería, Albañilería, Plomería o Carpintería)",,
MANTO-01143,RUBEN DARIO,Alberto,Urgente,21/01/2026 11:23,,Pintar todas las bases de las mesas,,,,,,,Mantenimiento de Mobiliario,,
MANTO-01144,RUBEN DARIO,Alberto,Urgente,21/01/2026 14:06,,Reparaciones del piso del mezzanine,,,,,,,Mantenimiento de Mobiliario,,
MANTO-01145,CEDIS,Alan Diaz,Urgente,21/01/2026 16:11,,Colocar clavija de horno en repostería,,,,,,,Mantenimiento de Electrodomésticos,,
MANTO-01146,RUBEN DARIO,Alberto,Urgente,21/01/2026 20:45,MANTENIMIENTO2,Luces Led de vitrina de pan,24/01/2026 00:00,03/03/2026 12:42,SE REALIZA AJUSTE EN TIRAS LED EN VITRINA DE PAN,Terminado,0,3,Mantenimiento de Focos Fundidos,,
MANTO-01147,CEDIS,Alan Diaz,Urgente,22/01/2026 11:56,MANTENIMIENTO2,Instalación completa de horno rational en Repostería - Bernos,22/01/2026 00:00,26/01/2026 19:59,SE REALIZA INSTALACION DE HORNO RATIONAL A LINEAS DE AGUA GAS Y LUZ SE REALIZA SUMINISTRO E INSTALACION DE CLAVIJA BIFASICA,Terminado,0,0,Mantenimiento de Electrodomésticos,,
MANTO-01148,RUBEN DARIO,Alberto,Urgente,22/01/2026 13:24,,Tira Led de market fundida,,,,,,,Mantenimiento de Focos Fundidos,,
MANTO-01149,CORPORATIVO,Axel Aceves,Regular,22/01/2026 13:51,MANTENIMIENTO2,Corte de cesped,30/01/2026 00:00,09/02/2026 14:55,SE REALIZA CORTE DE CESPED,Terminado,0,8,"Mantenimiento General (Fontanería, Albañilería, Plomería o Carpintería)",,
MANTO-01150,CEDIS,Alan Diaz,Urgente,22/01/2026 14:29,,Empaque de horno unox despegado y roto,,,,,,,Mantenimiento de Electrodomésticos,,
MANTO-01151,BERNOS,Armando Allende,Urgente,22/01/2026 21:22,,Filtro de agua con fuga y no dispensa agua,,,,,,,Mantenimiento de Filtros de Agua,,
MANTO-01152,PUNTO SUR,Aldo fuentes,Urgente,23/01/2026 07:37,MANTENIMIENTO,Cambia de llave mezcladora,26/01/2026 00:00,03/02/2026 09:53,SE CAMBIA LLAVE MEZCLADORA EN TARJA DE AREA DE COCINA,Terminado,280,3,"Mantenimiento General (Fontanería, Albañilería, Plomería o Carpintería)",,
MANTO-01153,PUNTO SUR,Karen Valdez,Urgente,23/01/2026 14:08,MANTENIMIENTO,"Se despegó el cable de la persiana 
Y una no funciona no sube la que usa control",28/01/2026 00:00,03/02/2026 09:50,SE AJUSTA CABLE QUE TENZA LA CORTINA EN AREA DE TERRAZA,Terminado,0,5,Mantenimiento de Mobiliario,,
MANTO-01154,CORPORATIVO,Axel Aceves,Regular,23/01/2026 14:50,MANTENIMIENTO2,Cambio de focos en área de administración nueva oficina,22/01/2026 00:00,09/02/2026 14:46,SE REALIZA CAMBIO DE FOCOS LED 127 V EN AREA DE OFICINAS DE ADMINISRACION,Terminado,100,-1,"Mantenimiento General (Fontanería, Albañilería, Plomería o Carpintería)",,
MANTO-01155,CORPORATIVO,Axel Aceves,Regular,23/01/2026 14:51,MANTENIMIENTO2,Aplicación de pintura en el portón,17/12/2025 00:00,09/02/2026 14:37,SE REALIZA APLICACION DE PINTURA GRIS ESMALTE A CANCEL DEL CORPORATIVO,Terminado,1500,-37,"Mantenimiento General (Fontanería, Albañilería, Plomería o Carpintería)",,
MANTO-01156,CORPORATIVO,Axel Aceves,Regular,23/01/2026 14:55,REFRIGERACIÓN TOTAL,Instalación de equipos de aire acondicionado en oficina de Mkt y Andy,22/01/2026 00:00,27/01/2026 12:28,Este servicio son dos instalaciones de minisplit,Terminado,6300,-1,Mantenimiento de Refrigeración,PAGADO,05/02/2026 00:00
MANTO-01157,BERNOS,Noe armando enciso contreras,Urgente,23/01/2026 18:14,MANTENIMIENTO2,"Plafones del área de loza se están pandeado, loza de cocina principal",12/02/2026 00:00,03/03/2026 12:31,SE REALIZA AJUSTE EN TIRANTES DE PLAFON EN AREA DE COCINA,Terminado,0,20,"Mantenimiento General (Fontanería, Albañilería, Plomería o Carpintería)",,
MANTO-01158,PUNTO SUR,Karen Valdez,Urgente,24/01/2026 15:01,MANTENIMIENTO,Se soltó la Cortina de terraza,27/01/2026 00:00,03/02/2026 09:48,SE TENZA MAS EL ALAMBRE QUE SIRVE DE GUIA PARA SUBIR Y BAJAR CORTINA EN TERRAZA,Terminado,0,3,Mantenimiento de Mobiliario,,
MANTO-01159,RUBEN DARIO,Alberto,Urgente,26/01/2026 10:07,,El piso de terraza se esta levantando,,,,,,,"Mantenimiento General (Fontanería, Albañilería, Plomería o Carpintería)",,
MANTO-01160,CORPORATIVO,Axel Aceves,Regular,26/01/2026 12:18,JUAN CARLOS MONTES RENTERIA,Instalación eléctrica para aires acondicionados,22/01/2026 00:00,02/02/2026 11:41,Se concluye el servicio con los dos equipos funcionando correctamente.,Terminado,3600,-4,Mantenimiento de Refrigeración,PAGADO,05/02/2026 00:00
MANTO-01161,PUNTO SUR,Martha Munoz,Urgente,26/01/2026 13:40,MANTENIMIENTO,La tarja de paso en cocina tiene una fuga,27/01/2026 00:00,03/02/2026 10:12,SE INSTALA LLAVE MEZCLADORA A TARJA EN AREA DE COCINA,Terminado,0,1,"Mantenimiento General (Fontanería, Albañilería, Plomería o Carpintería)",,
MANTO-01162,RUBEN DARIO,Alberto,Urgente,26/01/2026 16:31,,Sillas en mal estado,,,,,,,Mantenimiento de Mobiliario,,
MANTO-01163,LA PERLA,Jessie Miranda,Urgente,27/01/2026 08:51,,"Limpieza del toldo de terraza, ya tiene muchas manchas acumuladas. Ya se trato de limpiar pero no se le retiro, se necesita darle con hidrolavadora.",,,,,,,"Mantenimiento General (Fontanería, Albañilería, Plomería o Carpintería)",,
MANTO-01164,RUBEN DARIO,Cristian Lira,Urgente,27/01/2026 09:28,,No funciona el filtro,,,,,,,Mantenimiento de Filtros de Agua,,
MANTO-01165,CORPORATIVO,Axel Aceves,Regular,27/01/2026 11:01,MANTENIMIENTO2,Se botó el botón del microondas,27/01/2026 00:00,09/02/2026 14:24,SE REALIZA REPARACION DE MICROHONDAS SE REALIZA REAJUSTE Y CONECCION DEL BOTON DE ENCENDIDO,Terminado,0,0,Mantenimiento de Electrodomésticos,,
MANTO-01166,CEDIS,Alan Diaz,Urgente,27/01/2026 11:11,MANTENIMIENTO,La caja de fusibles está haciendo corto y se cayó la tapa de protección,06/02/2026 00:00,10/02/2026 10:45,REPETIDO,Terminado,0,10,Mantenimiento de Hornos de Piedra,,
MANTO-01167,RUBEN DARIO,Cristian Lira,Regular,27/01/2026 13:12,MANTENIMIENTO2,Resanes de muro,16/01/2026 00:00,09/02/2026 14:12,SE REALIZA APLICACION DE TEXTURA EN PILAR DE TABLAROCA AREA DE MARKETING,Terminado,0,-11,"Mantenimiento General (Fontanería, Albañilería, Plomería o Carpintería)",,
MANTO-01168,RUBEN DARIO,Cristian Lira,Regular,27/01/2026 13:13,MANTENIMIENTO2,Porta utensilios,22/01/2026 00:00,06/02/2026 14:21,SE REALIZA SUMINISTRO E INSTALACION DE ORDENADORES PARA ESCOBAS,Terminado,450,-5,"Mantenimiento General (Fontanería, Albañilería, Plomería o Carpintería)",,
MANTO-01169,ANDARES,Cuauhtemoc Martinez,Urgente,28/01/2026 07:28,,"Nuevamente reportando la vitrina de exibicion, tiene q venir el proveedor de refrigeración a dar limpieza profunda, xq ya esta generando hongo entr3 los vidrios que estan dobles, se tiene q abrir.",,,,,,,Mantenimiento de Mobiliario,,
MANTO-01170,ANDARES,Cuauhtemoc Martinez,Urgente,28/01/2026 07:31,MANTENIMIENTO,Pintura d3 muros principales de restaurantes,28/01/2026 00:00,03/02/2026 09:12,SE DA RETOQUE DE PINTURA EN MUROS Y DETALLES EN LOSS MISMOS EN COLOR VERDE,Terminado,0,0,Mantenimiento de Mobiliario,,
MANTO-01171,RUBEN DARIO,Santiago Aceved,Urgente,28/01/2026 21:23,MANTENIMIENTO2,Olor a gas dentro de la cocina,29/01/2026 00:00,09/02/2026 14:05,SE REALIZA REVICION DE TUBERIAS DE GAS SE ENCUENTRAN TUBERIAS EN BUEN ESTADO SIN FUGA ALGUNA,Terminado,0,1,"Mantenimiento General (Fontanería, Albañilería, Plomería o Carpintería)",,
MANTO-01172,RUBEN DARIO,Alberto,Urgente,29/01/2026 13:42,MANTENIMIENTO2,Reparar gancho de persiana de terraza,30/01/2026 00:00,09/02/2026 13:56,SE REALIZA REPARACION DE BASE GANCHO PARA SUBIR Y BAJAR LAS CORTINAS DE TERRAZA,Terminado,0,1,Mantenimiento de Mobiliario,,
MANTO-01173,BERNOS,Noe armando enciso contreras,Urgente,29/01/2026 17:22,MANTENIMIENTO2,El cespol de la tarja de cochambre fuga agua y es riesgoso tener el piso encharcado,28/01/2026 00:00,06/02/2026 14:10,SE REALIZA CAMBIO DE CESPOL,Terminado,90,-1,"Mantenimiento General (Fontanería, Albañilería, Plomería o Carpintería)",,
MANTO-01174,RUBEN DARIO,Santiago Aceves,Regular,31/01/2026 14:22,MANTENIMIENTO2,Boiler está goteando bastante agua,03/02/2026 00:00,09/02/2026 13:46,SE REALIZA DRENADO DE BOILER,Terminado,0,3,"Mantenimiento General (Fontanería, Albañilería, Plomería o Carpintería)",,
MANTO-01175,RUBEN DARIO,Santiago Aceves,Regular,31/01/2026 14:23,MANTENIMIENTO2,Santiago Aceves,03/02/2026 00:00,06/02/2026 13:40,SE REALIZA LIMPIEZA Y DRENADO DE BOILER,Terminado,0,3,"Mantenimiento General (Fontanería, Albañilería, Plomería o Carpintería)",,
MANTO-01176,RUBEN DARIO,Alberto,Urgente,02/02/2026 10:49,MANTENIMIENTO2,Boiler tirando mucha agua,03/02/2026 00:00,06/02/2026 13:46,SE REALIZA LIMPIEZA DE BOILER,Terminado,0,1,"Mantenimiento General (Fontanería, Albañilería, Plomería o Carpintería)",,
MANTO-01177,CEDIS,Alan Diaz,Urgente,02/02/2026 12:57,MANTENIMIENTO,La pastilla de la campana de panadería está caída,06/02/2026 00:00,10/02/2026 10:44,"SE FIJA CAJA ELECTRICA, INTERRUPTOR CON ABRAZADERAS Y NO MAS CLAVOS",Terminado,170,4,"Mantenimiento General (Fontanería, Albañilería, Plomería o Carpintería)",,
MANTO-01178,LA PERLA,Jessie Miranda,Urgente,03/02/2026 10:09,MANTENIMIENTO,Se despego parte del zoclo del pasillo de los baños de clientes.,10/02/2026 00:00,10/02/2026 10:32,SE COLOCA TRAMO DE SOCLO SE PEGA CON NO MAS CLAVOS EN PASILLO DE ENTRADA A BAÑOS DE CLIENTES,Terminado,0,7,"Mantenimiento General (Fontanería, Albañilería, Plomería o Carpintería)",,
MANTO-01179,LA PERLA,Jessie Miranda,Urgente,03/02/2026 10:19,,"Pintada y arreglo de carrito de servicio.
Las llantas ya estaba algo chuecas y la pintura dañada.",,,,,,,"Mantenimiento General (Fontanería, Albañilería, Plomería o Carpintería)",,
MANTO-01180,LA PERLA,Isaac GH,Urgente,03/02/2026 10:51,MANTENIMIENTO,Microondas otra vez no sirven.,06/03/2026 00:00,10/03/2026 11:58,SE ENTREGAN ORNOS DE MICROONDAS YA REPARADOS POR GARANTIA A COCINA,Terminado,0,31,Mantenimiento de Electrodomésticos,,
MANTO-01181,LA PERLA,Isaac GH,Urgente,03/02/2026 10:52,MANTENIMIENTO,Mantenimiento a refrigeración.,03/02/2026 00:00,10/02/2026 10:16,"SE REALIZA LA LIMPIEZA LAVADO DE SERPENTINES A TODOS LOS REFRIGERADORES , CONDENSADORAS Y EVAPORADORAS DE CAMARAS DE REFRIGERACION",Terminado,0,0,Mantenimiento de Refrigeración,,
MANTO-01182,PUNTO SUR,Martha M,Regular,03/02/2026 11:19,,La caja tiene la.parte baja despegada,,,,,,,"Mantenimiento General (Fontanería, Albañilería, Plomería o Carpintería)",,
MANTO-01183,RUBEN DARIO,Lalo,Urgente,03/02/2026 11:35,MANTENIMIENTO2,Contacto dañado,03/02/2026 00:00,06/02/2026 13:59,SE REALIZA INSTALACION DE CONTACTO,Terminado,100,0,Mantenimiento de Electrodomésticos,,
MANTO-01184,BERNOS,Armando Allende,Urgente,03/02/2026 11:46,MANTENIMIENTO2,Pintura urgente en muro blanco del restaurante donde estaba el letrero de la B,04/02/2026 00:00,06/02/2026 13:55,SE REALIZA APLICACION DE PINTURA EN MURO,Terminado,0,1,"Mantenimiento General (Fontanería, Albañilería, Plomería o Carpintería)",,
MANTO-01185,RUBEN DARIO,Santiago Aceves,Regular,04/02/2026 08:12,MANTENIMIENTO2,CAMBIO DE CONTACTOS Y CABLE DE REFRIGERADOR DE BARRA ÁREA DE COCINA,03/02/2026 00:00,06/02/2026 13:29,SE REALIZA SUMINISTRO E INSTALACION DE CONTACTOS Y CLAVIJA EN AREA DE COCINA,Terminado,100,-1,"Mantenimiento General (Fontanería, Albañilería, Plomería o Carpintería)",,
MANTO-01186,ANDARES,Eduardo Caudillo,Urgente,04/02/2026 08:45,MANTENIMIENTO,Cambio de focos de línea,06/02/2026 00:00,10/02/2026 09:31,SE CAMBIA FOCO FUNDIDO POR NUEVO EN CAMPANA DE EXTRACCION COCINA SE DEJAN 2 FOCOS DE STOCK,Terminado,80,2,Mantenimiento de Focos Fundidos,,
MANTO-01187,LA PERLA,Santiago Aceves,Regular,04/02/2026 08:51,MANTENIMIENTO,Limpieza de serpentín de refrigerador de línea,04/02/2026 00:00,10/02/2026 10:18,SE REALIZA LIMPIEZA LAVADO DE SERPENTINES A REVRIGERADORES EN AREA DE COCINA,Terminado,0,0,Mantenimiento de Refrigeración,,
MANTO-01188,RUBEN DARIO,Santiago Aceves,Regular,06/02/2026 11:11,MANTENIMIENTO2,Mantenimiento preventivo y limpieza de cámaras y equipos de refrigeración,04/02/2026 00:00,09/02/2026 13:40,SE REALIZA MANTENIMIENTO PREVENTIVO A EQUIPOS REFRIGERACION DE AREA DE COCINA,Terminado,0,-2,Mantenimiento de Refrigeración,,
MANTO-01189,RUBEN DARIO,Cristian Lira,Urgente,06/02/2026 20:46,,Duela rotación en terraza,,,,,,,"Mantenimiento General (Fontanería, Albañilería, Plomería o Carpintería)",,
MANTO-01190,RUBEN DARIO,Cristian Lira,Regular,06/02/2026 20:49,MANTENIMIENTO2,Limpieza de condensadoras,05/02/2026 00:00,09/02/2026 13:30,SE REALIZA LIMPIEZA DE CONDENSADORA DE EQUIPO DE AIRE ACONDICIONADO FANCOIL ASI COMO TOMA DE LECTURAS DE VOLTAJE Y AMPERAJE,Terminado,0,-1,Mantenimiento de Refrigeración,,
MANTO-01191,RUBEN DARIO,Cristian Lira,Regular,06/02/2026 20:52,MANTENIMIENTO2,Reparacion de cajas (centro de mesa),06/02/2026 00:00,09/02/2026 13:03,SE REALIZA REPARACION DE CAJAS PARA CENTRO DE MESA,Terminado,0,0,"Mantenimiento General (Fontanería, Albañilería, Plomería o Carpintería)",,
MANTO-01192,RUBEN DARIO,Cristian Lira,Regular,06/02/2026 20:54,MANTENIMIENTO2,Reparacion de cajas para ce tro de mesa,06/02/2026 00:00,09/02/2026 16:27,SE REALIZA REPARACION DE CAJAS PARA CENTRO DE MESAS,Terminado,0,0,"Mantenimiento General (Fontanería, Albañilería, Plomería o Carpintería)",,
MANTO-01193,RUBEN DARIO,Cristian Lira,Regular,06/02/2026 20:56,MANTENIMIENTO2,Corto en contacto de terraza,6/2/0206 0:00:00,09/02/2026 13:06,SE REALIZA REPARACION DE CORTO EN CONTACTOS AREA DE TERRAZA,Terminado,0,#NUM!,"Mantenimiento General (Fontanería, Albañilería, Plomería o Carpintería)",,
MANTO-01194,CEDIS,Alan Diaz,Urgente,07/02/2026 14:24,,Fumigación de camionetas cedis,,,,Terminado,,,Mantenimiento de Fumigación,,
MANTO-01195,LA PERLA,Humberto Javier Cervantes Almaraz,Urgente,08/02/2026 15:55,MANTENIMIENTO,"Maquina de Loza se averió, saco fuego y dejo de funcionar",09/02/2026 00:00,10/02/2026 09:27,SE CORRIGE CORTO EN CONEXION ELECTRICA EMPALME NUEVO EN MAQUINA LAVALOZA DE AREA DE COCINA,Terminado,0,1,Mantenimiento de Electrodomésticos,,
MANTO-01196,PUNTO SUR,Aldo Fuentes,Urgente,09/02/2026 07:10,MANTENIMIENTO,El ventilador de la mesa fría golpea,09/02/2026 00:00,10/02/2026 09:17,SE REAPRIETA TORNILLO DE BASE A MOTOR VENTILADOR EN MESA FRIA AREA DE COCINA,Terminado,0,0,Mantenimiento de Refrigeración,,
MANTO-01197,ANDARES,Cuauhtemoc Martinez,Urgente,09/02/2026 07:41,,"Se tiene reporte que el refrigerador de barra amaneció apagado sin funcionar, ya vimos que es parte de la conexión eléctrica y no del equipo. Favor de venirnos revisar la conexión electrica",,,,,,,Mantenimiento de Mobiliario,,
MANTO-01198,CEDIS,Alan Diaz,Urgente,09/02/2026 10:40,DOMESTICOSAS,Desequilibrio en la temperatura del horno pluma de panadería,09/02/2026 00:00,18/02/2026 18:19,"Horno europan ,revisión de líneas eléctricas, calibración de termostato",Terminado,1600,0,Mantenimiento de Electrodomésticos,PAGADO,26/02/2026 00:00
MANTO-01199,LA PERLA,Jessie Miranda,Urgente,09/02/2026 12:22,MANTENIMIENTO,"El lavamanos del baño de mujeres tiene fuga y esta haciendo charcos dentro del baño, tambien se nota que en las esquinas ya se etaa despegando",26/01/2026 00:00,03/02/2026 10:20,SE COLOCAN 3 BASES Y TUBOS A LO LARGO DEL PASAMANOS PARA REFORSARLO AL PISO,Terminado,480,-14,"Mantenimiento General (Fontanería, Albañilería, Plomería o Carpintería)",,
MANTO-01200,RUBEN DARIO,Alberto,Urgente,09/02/2026 15:13,,Piso de terraza,,,,,,,"Mantenimiento General (Fontanería, Albañilería, Plomería o Carpintería)",,
MANTO-01201,LA PERLA,ISAAC GH,Urgente,09/02/2026 15:16,MANTENIMIENTO,TARJA DE LOZA TIRANDO AGUA POR LA MANGUERA.,09/02/2026 00:00,10/02/2026 09:24,SE CAMBIA MANGUERA A LLAVE MECLADORA DE AREA DE LOZA EN COCINA,Terminado,180,0,"Mantenimiento General (Fontanería, Albañilería, Plomería o Carpintería)",,
MANTO-01202,CEDIS,Alan Diaz,Urgente,09/02/2026 15:23,DOMESTICOSAS,La fermentadora necesita cambio de empaques y ya no suelta vapor,16/02/2026 00:00,18/02/2026 17:50,"Fermentadora, reparación, cambio de resistencias, empaque de puerta y mantenimiento",Terminado,6920,7,Mantenimiento de Electrodomésticos,PAGADO,26/02/2026 00:00
MANTO-01203,BERNOS,Noe armando enciso contreras,Regular,09/02/2026 16:59,MANTENIMIENTO,"Refrigerador del área de parrilla no enfriar,el día de hoy al abrir turno se detecto que el Refrigerador estaba a una temperatura no ideal para la conservación de los alimentos",16/02/2026 00:00,24/02/2026 09:32,SE INSTALA MOTOR NUEVO A REFRIGERADOR DE PARTE DE ABAJO PARA OPERAR EL VENTILADOR,Terminado,387,7,Mantenimiento de Refrigeración,,
MANTO-01205,BERNOS,Noe armando enciso contreras,Urgente,09/02/2026 20:25,,"Horno rational, tira agua al estar en funcionamiento, al parecer no tiene conectado un desague puto y usted dice pues no hay nada eh <QT> es que es la banda de la",,,,,,,Mantenimiento de Electrodomésticos,,
MANTO-01206,PUNTO SUR,Karen Valdez,Urgente,10/02/2026 18:51,MANTENIMIENTO,Se safo la manija de la puerta de afuera de cocina,13/02/2026 00:00,18/02/2026 08:54,SE INTALA CHAPA DE SEGURIDAD EN PUERTA DE ENTRADA A COCINA,Terminado,1159,3,"Mantenimiento General (Fontanería, Albañilería, Plomería o Carpintería)",,
MANTO-01207,ANDARES,Eduardo Caudillo,Urgente,11/02/2026 11:04,DOMESTICOSAS,Mantenimiento a freidora,27/01/2026 00:00,18/02/2026 18:03,"Reparación de freidora, cambio de termopila, mantenimiento y limpieza en general",Terminado,2300,-15,Mantenimiento de Electrodomésticos,PAGADO,26/02/2026 00:00
MANTO-01208,LA PERLA,Jessie Miranda,Regular,12/02/2026 08:50,,"Limpieza, resanado y pintura del marco de la entrada de loza.",,,,,,,"Mantenimiento General (Fontanería, Albañilería, Plomería o Carpintería)",,
MANTO-01209,LA PERLA,Jessie Miranda,Regular,12/02/2026 08:51,MANTENIMIENTO,Cambio de focos fundidos de la terraza.,02/03/2026 00:00,05/03/2026 13:11,SE CAMBIAN FOCOS EN TERRAZA Y PASILLO DE ENTRADA A MEZANINE,Terminado,154,18,"Mantenimiento General (Fontanería, Albañilería, Plomería o Carpintería)",,
MANTO-01210,ANDARES,Dominique Novoa,Urgente,12/02/2026 09:23,MANTENIMIENTO,Tubo de tarja tiene un hoyo,05/03/2026 00:00,10/03/2026 11:50,SE REVISA TRAMPA DE TARJA ENCONTRANDO SOLO MANGUERA DE LOS FILTROS MAL METIDA,Terminado,0,21,"Mantenimiento General (Fontanería, Albañilería, Plomería o Carpintería)",,
MANTO-01211,ANDARES,Cuauhtemoc Martinez,Regular,12/02/2026 09:42,,Ventilador extractor d aire de baño 2 de caballeros no funciona. Revisar y cambiar las piezas necesarias,,,,,,,Mantenimiento de Mobiliario,,
MANTO-01212,BERNOS,Carlos Fernando Ramirez Echeverria,Regular,12/02/2026 09:44,MANTENIMIENTO,Instalar maguera de succión de agua a la maquina de café Bunn para eventos,16/02/2026 00:00,24/02/2026 09:06,SE COLOCAN CONEXIIONES A MOLINO PARA QUE QUEDE OPERANDO EN BARRA,Terminado,382,4,Mantenimiento de Electrodomésticos,,
MANTO-01213,ANDARES,Cuauhtemoc Martinez,Regular,12/02/2026 09:44,,Voltear la dirección d la puerta pera tener un mejor acceso al site,,,,,,,Mantenimiento de Mobiliario,,
MANTO-01214,RUBEN DARIO,Cristian Lira,Regular,12/02/2026 21:11,IRENE VALADEZ GAZCON,Espejos de Vitrina de pan,31/01/2026 00:00,13/02/2026 09:11,"Limpieza normal, agua y un trapo",Terminado,4800,-12,"Mantenimiento General (Fontanería, Albañilería, Plomería o Carpintería)",PAGADO,19/02/2026 00:00
MANTO-01215,PUNTO SUR,Jorge Antonio Rodriguez hernandez,Urgente,13/02/2026 10:20,MANTENIMIENTO,No enciende maqui de loza,11/02/2026 00:00,18/02/2026 08:45,SE REVISAN VOLTAJES Y SE RESTABLECEN INTERRUPTORES EN TABLERO GENERAL PARA VERIICAR ALIMENTACION DE LAVALOZA,Terminado,0,-2,Mantenimiento de Lavaloza,,
MANTO-01216,LA PERLA,Isaac GH,Urgente,13/02/2026 13:49,MANTENIMIENTO,Licuadora y turbo no sirven. No giran.,17/02/2026 00:00,18/02/2026 08:40,SE ACOMODA BUJE CON ASPAS Y MOTOR DE TURBO QUEDANDO TRABAJANDO BIEN,Terminado,0,4,Mantenimiento de Electrodomésticos,,
MANTO-01217,ANDARES,Eduardo Caudillo,Urgente,13/02/2026 15:41,,Limpieza de ductos de la campana de cocina,,,,,,,Mantenimiento de Limpieza de Ductos,,
MANTO-01218,RUBEN DARIO,Santiago Aceves,Regular,13/02/2026 21:20,MANTENIMIENTO2,Cambio de gusano del área de lavado de loza,11/02/2026 00:00,03/03/2026 12:14,SE REALIZA CAMBIO DE ACCESORIOS PARA CESPOL EN TARJA DE LAVALOZA,Terminado,90,-2,"Mantenimiento General (Fontanería, Albañilería, Plomería o Carpintería)",,
MANTO-01219,ANDARES,Cuauhtemoc Martinez,Urgente,14/02/2026 09:25,,"Veo prioritaria poner atención a esta solicitud ya que se detecto insecto q hace muy fácil plaga. Se encontró en baños, mando evidencia",,,,,,,Mantenimiento de Fumigación,,
MANTO-01220,CEDIS,Alan Diaz,Urgente,14/02/2026 10:24,,No hay presión de agua en filtros,,,,,,,Mantenimiento de Filtros de Agua,,
MANTO-01221,ANDARES,Eduardo Caudillon,Urgente,15/02/2026 09:41,,Tarda mucho el llenado de máquina lavaloza y no calienta mucho el agua,,,,,,,Mantenimiento de Lavaloza,,
MANTO-01222,RUBEN DARIO,Santiago Aceves,Urgente,15/02/2026 18:50,MANTENIMIENTO2,"Reparación de pala de pizzas, cambiar agarradera, se rompió",15/02/2026 00:00,03/03/2026 12:03,SE PONE PALO EN PALA PIZZERA,Terminado,0,0,"Mantenimiento General (Fontanería, Albañilería, Plomería o Carpintería)",,
MANTO-01223,ANDARES,Zamudio,Regular,16/02/2026 07:12,,Foco Fundido de comedor,,,,,,,Mantenimiento de Focos Fundidos,,
MANTO-01224,ANDARES,Zamudio,Urgente,16/02/2026 07:13,,Puerta descuadrada,,,,,,,Mantenimiento de Electrodomésticos,,
MANTO-01225,LA PERLA,Melissa del Rio y Lua,Urgente,16/02/2026 13:59,,"Pintar comedor de la perla y organizar con el gerente Lua para tomar el dinero de su prepuesto. 

Ya está libre y despejado. Ya se puede comenzar a pintar. 

Muchas gracias 🙏🏼❤️",,,,,,,"Mantenimiento General (Fontanería, Albañilería, Plomería o Carpintería)",,
MANTO-01226,ANDARES,Cuauhtemoc Martinez,Regular,16/02/2026 14:13,MANTENIMIENTO,Foco fundido en mesa 11,26/02/2026 00:00,26/02/2026 10:17,SE CAMBIA FOCO DE PELLISCO EN LAMPARA ARBOTANTE Y SE DEJA 1 DE REPUESTO,Terminado,218,10,Mantenimiento de Focos Fundidos,,
MANTO-01227,BERNOS,Euridice Garcia,Urgente,16/02/2026 14:43,MANTENIMIENTO2,"La puerta del refrigerador no cierra adecuadamente , se abre sola .",19/02/2026 00:00,03/03/2026 11:41,SE REALIZA AJUSTE DE EMPAQUES DE PUERTAS EN REFRIGERADOR,Terminado,0,3,Mantenimiento de Refrigeración,,
MANTO-01228,BERNOS,Armando Allende,Regular,16/02/2026 15:46,,Foco parpadea,,,,,,,Mantenimiento de Focos Fundidos,,
MANTO-01229,BERNOS,Armando Allende,Urgente,16/02/2026 15:49,MANTENIMIENTO2,Puerta no cierra,19/02/2026 00:00,03/03/2026 10:36,SE REALIZA AJUSTE DE EMPAQUE EN REFRIGERADOR AREA DE BARRA,Terminado,0,3,Mantenimiento de Refrigeración,,
MANTO-01230,BERNOS,Armando Allende,Regular,16/02/2026 15:51,MANTENIMIENTO2,Clavija floja,24/02/2026 00:00,02/03/2026 15:41,SE REALIZA REVISION DE CONTACTOS EN AREA DE JD,Terminado,0,8,"Mantenimiento General (Fontanería, Albañilería, Plomería o Carpintería)",,
MANTO-01231,LA PERLA,Humberto Javier Cervantes Almaraz,Regular,16/02/2026 17:38,MANTENIMIENTO,Cajón izquierdo del stand del medio se cayo riel,02/03/2026 00:00,10/03/2026 11:41,SE INSTALA JALADERA NUEVA A CAJON DE AREA DE TERRAZAS,Terminado,160,14,"Mantenimiento General (Fontanería, Albañilería, Plomería o Carpintería)",,
MANTO-01232,ANDARES,Zamudio,Urgente,17/02/2026 07:15,MANTENIMIENTO,Espejo del baño caído,17/02/2026 00:00,18/02/2026 08:35,SE COLOCAN 5 TAQUETES PARA TABLAROCA Y PIJAS PARA COPLGAR EL ESPEJO DESDE ARRIBA QUEDANDO BIEN,Terminado,0,0,Mantenimiento de Mobiliario,,
MANTO-01233,RUBEN DARIO,Santiago Aceve,Regular,17/02/2026 11:02,DOMESTICOSAS,REPARACIÓN Y MANTENIMIENTO DE MICROONDAS DE SERVICIO,16/02/2026 00:00,18/02/2026 18:15,"Reparación horno de microondas, cambio de regulador de voltaje, 3 microswitch,diodos capacitor",Terminado,1800,-1,Mantenimiento de Electrodomésticos,PAGADO,26/02/2026 00:00
MANTO-01234,LA PERLA,Eduardo Cortes,Urgente,18/02/2026 06:59,,Fuga de gas en Salamandra,,,,,,,"Mantenimiento General (Fontanería, Albañilería, Plomería o Carpintería)",,
MANTO-01235,ANDARES,Cuauhtemoc Martinez,Urgente,18/02/2026 08:22,MANTENIMIENTO,"Puerta de vidrio corrediza esta trabada, amanecimos en el restaurante con la puerta trabaday no se puede cerrar al 100% se siente forzada",06/03/2026 00:00,10/03/2026 11:55,SE ACOMODAN EMPAQUES DE PUERTAS CORREDISAS PARA EVITAR SE ESTEN ATOANDO ENTRE ELLAS,Terminado,0,16,Mantenimiento de Mobiliario,,
MANTO-01236,LA PERLA,Francisco Jesus Lopez,Regular,18/02/2026 10:17,MANTENIMIENTO,Reparar la taza de baño de colaboradores,17/02/2026 00:00,24/02/2026 08:50,SE CAMBIA ASIENTO BOTON DE DESCARGA A BAÑO DE COLABORADORES,Terminado,695,-1,"Mantenimiento General (Fontanería, Albañilería, Plomería o Carpintería)",,
MANTO-01237,ANDARES,Cuauhtemoc Martinez,Urgente,18/02/2026 12:28,IRENE VALADEZ GAZCON,"Dar mantenimiento preventivo a una instalación que tenemos. Se despego el espejo de la pared y se cayó, detectamos bastante humedad y un área mojada de pared y mueble de madera, probablemente sea el minisplit del mezanine o la tubería d agua de la covacha. Mando evidencias es d suma importancia revisarlo y dar prioridad xq puede afectar las instalaciones y generar un accidente y un mayor gasto en un futuro",19/02/2026 00:00,23/02/2026 21:09,Se remplazaron conectores para foco MR dañados,Terminado,2900,1,"Mantenimiento General (Fontanería, Albañilería, Plomería o Carpintería)",PAGADO,06/03/2026 00:00
MANTO-01238,BERNOS,Bruno Zermeno Moncada,Urgente,18/02/2026 19:22,,Las coladeras del piso del área de loza están desbordando agua,,,,,,,"Mantenimiento General (Fontanería, Albañilería, Plomería o Carpintería)",,
MANTO-01239,LA PERLA,Arturo,Urgente,20/02/2026 08:04,Refrigeración total,La máquina de hielo dejó de hacer hielo,20/02/2026 00:00,23/02/2026 16:22,Ninguno,Terminado,2500,0,Mantenimiento de Refrigeración,,
MANTO-01240,CORPORATIVO,Gabriela Baez Lopez,Regular,20/02/2026 12:32,MANTENIMIENTO,Reporte de mantenimiento a silla de oficina,26/02/2026 00:00,05/03/2026 12:58,"SE COLOCA PISTON, BASE Y LLANTAS A SILLA DE OFIINAS",Terminado,273,6,Mantenimiento de Mobiliario,,
MANTO-01241,CORPORATIVO,Alejandra Ramirez,Regular,20/02/2026 12:34,,Instalar archivero en escritorio de compras,,,,,,,Mantenimiento de Mobiliario,,
MANTO-01242,CORPORATIVO,Karen Rodriguez,Regular,20/02/2026 12:37,,"Humedad en paredes, se esta cayendo la pintura y enjarre",,,,,,,"Mantenimiento General (Fontanería, Albañilería, Plomería o Carpintería)",,
MANTO-01243,CORPORATIVO,Rigoberto de la Torre Martinez,Regular,20/02/2026 12:43,,Podar jardin de corporativo,,,,,,,"Mantenimiento General (Fontanería, Albañilería, Plomería o Carpintería)",,
MANTO-01244,RUBEN DARIO,Santiago Aceves,Regular,20/02/2026 15:33,MANTENIMIENTO2,CAMBIO DE CLAVIJA EN LA LÍNEA - TIRA LED EN EL PASE,27/02/2026 00:00,02/03/2026 15:34,SE REALIZA SUMINISTRO E INSTALACION DE CONECTOR DE 110V A 12V PARA TIRAS LED EN AREA DE COCINA,Terminado,300,7,"Mantenimiento General (Fontanería, Albañilería, Plomería o Carpintería)",,
MANTO-01245,ANDARES,Cuauhtemoc Martinez,Regular,21/02/2026 10:07,,Chapa d puerta d caja,,,,,,,Mantenimiento de Mobiliario,,
MANTO-01246,RUBEN DARIO,Alberto,Urgente,21/02/2026 11:30,MANTENIMIENTO2,Tira Led fundida vitrina de pan,26/02/2026 00:00,02/03/2026 15:20,SE REALIZA RECONECCION DE LUCES EN MUEBLE DE PANADERIA,Terminado,0,5,"Mantenimiento General (Fontanería, Albañilería, Plomería o Carpintería)",,
MANTO-01247,RUBEN DARIO,Alberto,Urgente,21/02/2026 11:32,MANTENIMIENTO2,Tira led de vitrina de pan fundida,03/03/2026 00:00,03/03/2026 10:26,SE REALIZA RECONECCION DE TIRAS LED EN MUEBLE DE PANADERIA,Terminado,0,10,"Mantenimiento General (Fontanería, Albañilería, Plomería o Carpintería)",,
MANTO-01248,PUNTO SUR,Karen Valdez,Urgente,21/02/2026 11:51,,Se están callendo por partes los cuadros,,,,,,,Mantenimiento de Mobiliario,,
MANTO-01249,LA PERLA,Jessie Miranda,Urgente,24/02/2026 08:32,MANTENIMIENTO,"
Se rompio la chapa del area de almacen (anteriormente comedor de colaboradores), ya se reviso la pieza pero se necesita cambio completo",04/03/2026 00:00,05/03/2026 13:26,SE INSTALA CHAPA NUEVA EN PUERTA DE ENTRADA DE COLABORADORES,Terminado,197,8,"Mantenimiento General (Fontanería, Albañilería, Plomería o Carpintería)",,
MANTO-01250,PUNTO SUR,Karen Valdez,Urgente,24/02/2026 09:50,MANTENIMIENTO,Fuga de agua lleva semanas asi,03/03/2026 00:00,05/03/2026 13:22,SE CORRIGE FUGA DE AGUAN EN LLAVE DE AREA DE LAVADO DE TRAPEADORES,Terminado,95,7,"Mantenimiento General (Fontanería, Albañilería, Plomería o Carpintería)",,
MANTO-01251,CEDIS,Alan Diaz,Urgente,24/02/2026 12:00,,El Ivario no esta jalando agua para llenado,,,,,,,Mantenimiento de Electrodomésticos,,
MANTO-01252,RUBEN DARIO,Alberto,Urgente,24/02/2026 12:02,,Faltan ganchos para bolsas en 12 mesas,,,,,,,Mantenimiento de Mobiliario,,
MANTO-01253,ANDARES,Danna Carrasco,Urgente,24/02/2026 12:07,,"Manguera de desagüe despegada, tira agua debajo de la máquina cerca de cableado.",,,,,,,"Mantenimiento General (Fontanería, Albañilería, Plomería o Carpintería)",,
MANTO-01254,RUBEN DARIO,Santiago aceves,Regular,24/02/2026 12:11,MANTENIMIENTO,Corte de tarima plastica,18/02/2026 00:00,26/02/2026 12:37,SE CORTAN TARIMAS CON SIERRA CALADORA PARA SU INSTALACION E INGRESO A CAMARAS DE REFRIGERACCION,Terminado,880,-6,"Mantenimiento General (Fontanería, Albañilería, Plomería o Carpintería)",,
MANTO-01255,RUBEN DARIO,Santiago Aceves,Regular,24/02/2026 12:12,MANTENIMIENTO,Cambio de válvula tanque de gas,18/02/2026 00:00,26/02/2026 12:44,SE ENTREGAN VALVULAS PARA REALIAR SU CAMBIO EN EL TANQUE ESTACIONARIO,Terminado,2294,-6,"Mantenimiento General (Fontanería, Albañilería, Plomería o Carpintería)",,
MANTO-01256,RUBEN DARIO,Santiago Aceves,Regular,24/02/2026 12:13,MANTENIMIENTO,Cambio de tuberías Boiler,19/02/2026 00:00,26/02/2026 12:52,SE CAMBIA MANGUERA POR TUBERIA DE COBRE EN BOILER DEL AREA DE COCINA,Terminado,756,-5,"Mantenimiento General (Fontanería, Albañilería, Plomería o Carpintería)",,
MANTO-01257,PUNTO SUR,Arturo Castaneda,Regular,24/02/2026 13:12,IRENE VALADEZ GAZCON,Cambio de focos fundidos de alturas como 73,24/02/2026 00:00,27/02/2026 07:21,Hubo unos conectores que ya estaban dañados los cuales se remplazaron,Terminado,3800,0,Mantenimiento de Focos Fundidos,,
MANTO-01258,PUNTO SUR,Jorge Antonio Rodriguez hernandez,Regular,24/02/2026 14:05,,Cambio de aspas,,,,,,,Mantenimiento de Electrodomésticos,,
MANTO-01259,BERNOS,Noe armando enciso contreras,Urgente,24/02/2026 14:49,MANTENIMIENTO2,Goteras en área de cocina principal,27/02/2026 00:00,02/03/2026 15:10,SE REALIZA REVISION DE GOTERAS EN PLAFON AREA DE COCINA,Terminado,0,3,"Mantenimiento General (Fontanería, Albañilería, Plomería o Carpintería)",,
MANTO-01260,PUNTO SUR,Aldo Fuentes,Urgente,24/02/2026 20:23,MANTENIMIENTO,Cambio de llave de máquina lava loza,02/03/2026 00:00,05/03/2026 13:17,SE CORRIJE FUGA DE AGUA POR COPLE RORO EN MAQUINA LAVALOZA,Terminado,114,6,"Mantenimiento General (Fontanería, Albañilería, Plomería o Carpintería)",,
MANTO-01261,PUNTO SUR,Aldo Fuentes,Regular,24/02/2026 20:27,MANTENIMIENTO,Focos para lámpara de pase,26/02/2026 00:00,26/02/2026 13:11,SE ENTREGAN 3 FOCOS PARA INSTALAR EN PASE O CAMPANA DE EXTRACCION,Terminado,400,2,"Mantenimiento General (Fontanería, Albañilería, Plomería o Carpintería)",,
MANTO-01262,PUNTO SUR,Miguel angel Santos Martinez,Regular,25/02/2026 10:38,MANTENIMIENTO,Cambio de focos fundidos,25/02/2026 00:00,26/02/2026 13:08,SE CAMBIAN 2 FOCOS EN AREA DE TERRAZA Y SE LES DEJAN 2 PARA LAMPARAS COLGANTES,Terminado,445,0,"Mantenimiento General (Fontanería, Albañilería, Plomería o Carpintería)",,
MANTO-01263,ANDARES,Cuauhtemoc Martinez,Urgente,25/02/2026 11:33,,"Cuarta vez q reportamos el refrigerador exibidor, esta generando hongo en medio de los cristales. Necesita venir el proveedor para poder abrirlo y dar su limpieza y ajuste correcto",,,,,,,Mantenimiento de Refrigeración,,
MANTO-01264,ANDARES,Cuauhtemoc Martinez,Urgente,25/02/2026 11:35,IRENE VALADEZ GAZCON,Imagen del restaurante. Baños. Pintar la pared del pasillo de baños de Andares ya q se hizo jn arreglo a tubería interna x fuga d agua q provocó se callera el espejo,26/02/2026 00:00,02/03/2026 13:08,Reforzamiento muro para colgar bastidor con espejo,Terminado,9100,1,"Mantenimiento General (Fontanería, Albañilería, Plomería o Carpintería)",,
MANTO-01265,BERNOS,Aldo Martinez,Urgente,25/02/2026 11:49,MANTENIMIENTO2,Falla en aire acondicionado del comedor,02/03/2026 00:00,02/03/2026 15:00,SE REALIZA REVISION DE AIRE ACONDICIONADO SE ENCUENTRA TRABAJANDO BIEN,Terminado,0,5,Mantenimiento de Electrodomésticos,,
MANTO-01266,RUBEN DARIO,Santiago Aceves,Regular,25/02/2026 12:04,MANTENIMIENTO2,MANTENIMIENTO PREVENTTIVO DE REFRIGERADOR - REEMPLAZÓ DE TIRA LEE,27/02/2026 00:00,03/03/2026 10:19,SE REALIZA REVISION DE LUMINARIAS TIRAS LED EN REFRIGERADOR,Terminado,0,2,Mantenimiento de Refrigeración,,
MANTO-01267,LA PERLA,Humberto Javier Cervantes Almaraz,Regular,25/02/2026 15:42,,Reparación de cámaras,,,,,,,"Mantenimiento General (Fontanería, Albañilería, Plomería o Carpintería)",,
MANTO-01268,RUBEN DARIO,Cristian Lira,Regular,26/02/2026 09:51,MANTENIMIENTO,Detector de humo,20/02/2026 00:00,26/02/2026 13:01,SE SUMINISTRAN E INSTALAN 2 DETECTORES DE HUMO EN AREAS ESPECIFICAS DEL RESTAURANTE,Terminado,558,-6,"Mantenimiento General (Fontanería, Albañilería, Plomería o Carpintería)",,
MANTO-01269,RUBEN DARIO,Cristian Lira,Regular,26/02/2026 09:58,MANTENIMIENTO,Instalación de lamparas de emergencia,26/02/2026 00:00,26/02/2026 13:04,SE SUMINISTRAN E INSTALAN 3 LAMPARAS DE EMERGENCIA EN AREAS ESPECIFICAS DEL RESTAURANTE,Terminado,1617,0,"Mantenimiento General (Fontanería, Albañilería, Plomería o Carpintería)",,
MANTO-01270,RUBEN DARIO,Cristian Lira,Urgente,26/02/2026 10:05,MANTENIMIENTO2,Tabla suelta en terraza,27/02/2026 00:00,02/03/2026 14:52,SE REALIZA REAJUSTE EN DUELA DE TERRAZA,Terminado,0,1,Mantenimiento de Mobiliario,,
MANTO-01271,BERNOS,Armando Allende,Urgente,26/02/2026 10:23,MANTENIMIENTO2,Instalación de lavadora,02/03/2026 00:00,05/03/2026 13:34,Se realiza instalación de tuberías de desagüe y alimentación de agua para lavadora,Terminado,521,4,Mantenimiento de Electrodomésticos,,
MANTO-01272,CORPORATIVO,Axel Aceves,Regular,26/02/2026 10:37,MANTENIMIENTO2,Detallado de las maderas del portón,26/02/2026 00:00,01/03/2026 12:21,SE REALIZA DETALLADO DE MADERAS EN CANCEL DE HERRERIA AREA DE COCHERA DE CORPORATIVO,Terminado,430,0,"Mantenimiento General (Fontanería, Albañilería, Plomería o Carpintería)",,
MANTO-01273,RUBEN DARIO,Alberto,Urgente,26/02/2026 12:40,,Martillo para romper el vidrio del hidrante en caso de emergencia,,,,,,,"Mantenimiento General (Fontanería, Albañilería, Plomería o Carpintería)",,
MANTO-01274,RUBEN DARIO,Santiago Aceves,Urgente,26/02/2026 17:17,MANTENIMIENTO2,Cámaras no funcionando correctamente,27/02/2026 00:00,01/03/2026 12:11,SE REALIZA REBISION DE CAMARAS DE REFRIGERACION SE ENCUENTRAN EN DESCONGELAMIENTO,Terminado,0,1,Mantenimiento de Refrigeración,,
MANTO-01275,PUNTO SUR,Arturo castaneda,Regular,27/02/2026 09:41,,"Reparar contactos de terraza sin energía, instalar contacto en salón de market",,,,,,,"Mantenimiento General (Fontanería, Albañilería, Plomería o Carpintería)",,
MANTO-01276,LA PERLA,Jessie Miranda,Urgente,27/02/2026 11:44,,"Se cayo una de las maderas de la terraza, anteriormente ya se había reparado pero se volvió a caer.",,,,,,,"Mantenimiento General (Fontanería, Albañilería, Plomería o Carpintería)",,
MANTO-01277,LA PERLA,Jessie Miranda,Urgente,27/02/2026 12:58,,Cambio de extintores por fechas de caducidad.,,,,,,,"Mantenimiento General (Fontanería, Albañilería, Plomería o Carpintería)",,
MANTO-01278,LA PERLA,Isaac GH,Urgente,27/02/2026 13:20,,Baño maria tirando agua.,,,,,,,"Mantenimiento General (Fontanería, Albañilería, Plomería o Carpintería)",,
MANTO-01279,LA PERLA,Isaac GH,Urgente,27/02/2026 13:22,,Freidora goteando aceite,,,,,,,Mantenimiento de Mobiliario,,
MANTO-01280,BERNOS,Bruno Zermeno Moncada,Urgente,27/02/2026 19:32,,"El congelador de la cocina principal no está funcionando correctamente, no llega a la temperatura necesaria",,,,,,,Mantenimiento de Refrigeración,,
MANTO-01281,PUNTO SUR,Jorge Antonio Rodriguez hernandez,Regular,27/02/2026 20:33,,Cambio de pastillas,,,,,,,Mantenimiento de Electrodomésticos,,
MANTO-01282,LA PERLA,Isaac GH,Urgente,28/02/2026 12:23,,Cámara de congelación en una temperatura muy elevada.,,,,,,,Mantenimiento de Refrigeración,,
MANTO-01283,BERNOS,Noe Armando Enciso Contreras,Regular,28/02/2026 14:58,,"Pastilla del tablero de los swchit
Al encender se bota y",,,,,,,"Mantenimiento General (Fontanería, Albañilería, Plomería o Carpintería)",,
MANTO-01284,LA PERLA,Isaac GH,Urgente,01/03/2026 10:14,REFRIGERACIÓN TOTAL,"Campana no funciona, no está extrayendo aire.",02/03/2026 00:00,09/03/2026 08:19,Se recomienda el mantenimiento más continuo,Terminado,8800,1,"Mantenimiento General (Fontanería, Albañilería, Plomería o Carpintería)",,
MANTO-01285,ANDARES,Cuauhtemoc Martinez,Urgente,01/03/2026 13:04,,Explotaron y de quemaron cables de electricidad de las conexiones eléctricas de caja.,,,,,,,Mantenimiento de Mobiliario,,
MANTO-01286,ANDARES,Danna Carrasco,Urgente,02/03/2026 08:07,,"Se desgastó la manija de las puertas del refri, están rotas. Afecta al momento de abrir",,,,,,,Mantenimiento de Mobiliario,,
MANTO-01287,LA PERLA,Alejandra Guadalupe Gonzalez Lopez,Urgente,02/03/2026 10:16,MANTENIMIENTO,Solicito reparación de lámparas del área de entrega de platillos,03/03/2026 00:00,05/03/2026 13:04,SE CAMBIAN SOCQUETS Y COLITAS DE RATA APAGADORES EN LAMPARAS DE PASE EN COCINA,Terminado,150,1,"Mantenimiento General (Fontanería, Albañilería, Plomería o Carpintería)",,
MANTO-01288,PUNTO SUR,Aeturo Castanefa,Urgente,02/03/2026 15:08,,Absber bota la pastilla y parpadean las luces antes de botarla,,,,,,,Mantenimiento de Lavaloza,,
MANTO-01289,LA PERLA,Isaac GH,Regular,03/03/2026 09:32,,Se solicita escalera para alcanzar ollas de entrepaño.,,,,,,,"Mantenimiento General (Fontanería, Albañilería, Plomería o Carpintería)",,
MANTO-01290,CEDIS,Alan Diaz,Urgente,03/03/2026 09:58,,La campana de panadería dejo de funcionar,,,,,,,Mantenimiento de Hornos de Piedra,,
MANTO-01291,BERNOS,Euridice Martinez Garcia,Urgente,03/03/2026 11:57,,"La llave está barrida, por ende no sale agua",,,,,,,"Mantenimiento General (Fontanería, Albañilería, Plomería o Carpintería)",,
MANTO-01292,BERNOS,Euridice Martinez Garcia,Urgente,03/03/2026 11:59,,La manguera de la máquina de café está goteando,,,,,,,Mantenimiento de Electrodomésticos,,
MANTO-01293,BERNOS,Noe armando enciso contreras,Urgente,03/03/2026 12:01,,Fumigacion de ambas cocinas,,,,,,,Mantenimiento de Fumigación,,
MANTO-01294,CEDIS,Eduardo de Jesus Castillo Lopez,Urgente,03/03/2026 13:16,REFRIGERACIÓN TOTAL,El aire acondicionado de panadería ya no enfría avienta aire caliente,04/03/2026 00:00,09/03/2026 08:23,Ninguno,Terminado,2600,1,Mantenimiento de Refrigeración,,
MANTO-01295,BERNOS,Noe Armando Enciso Contreras,Urgente,03/03/2026 19:14,,"Cocina de producción, Tarja de loza , el desagüe o cespol tiene fugas",,,,,,,"Mantenimiento General (Fontanería, Albañilería, Plomería o Carpintería)",,
MANTO-01296,LA PERLA,Isaac GH,Urgente,04/03/2026 14:36,,Dos focos fundidos del pase,,,,,,,Mantenimiento de Focos Fundidos,,
MANTO-01297,RUBEN DARIO,Cristian Lira,Regular,05/03/2026 13:38,,Cambio de contacto,,,,,,,"Mantenimiento General (Fontanería, Albañilería, Plomería o Carpintería)",,
MANTO-01298,RUBEN DARIO,Cristian Lira,Regular,05/03/2026 13:39,,Válvula gas,,,,,,,"Mantenimiento General (Fontanería, Albañilería, Plomería o Carpintería)",,
MANTO-01299,CORPORATIVO,Rigoberto de la Torre Martinez,Regular,05/03/2026 16:21,MANTENIMIENTO,Cambio de lámparas oficina,10/03/2026 00:00,10/03/2026 11:44,SE INSTALAN 2 LAMPARAS LED EN OCFICINAS CON SUS CONEXIONES Y CABLEADO,Terminado,310,5,Mantenimiento de Focos Fundidos,,
MANTO-01300,BERNOS,Aldo Martinez,Urgente,05/03/2026 20:29,,Goteras en el salón,,,,,,,"Mantenimiento General (Fontanería, Albañilería, Plomería o Carpintería)",,
MANTO-01301,LA PERLA,Alejandra Guadalupe Gonzalez Lopez,Urgente,05/03/2026 22:35,,Solicito reparación de máquina de loza,,,,,,,"Mantenimiento General (Fontanería, Albañilería, Plomería o Carpintería)",,
MANTO-01302,BERNOS,Aldo Martinez,Urgente,06/03/2026 00:05,,"Urge, goteras en barra",,,,,,,"Mantenimiento General (Fontanería, Albañilería, Plomería o Carpintería)",,
MANTO-01303,PUNTO SUR,Jorge Antonio Rodriguez hernandez,Urgente,08/03/2026 13:44,,Trampas tapadas,,,,,,,Mantenimiento de Limpieza de Trampas de Grasa,,
MANTO-01304,RUBEN DARIO,Cristian Lira,Regular,08/03/2026 13:47,,Pintura caja centro de mesa,,,,,,,"Mantenimiento General (Fontanería, Albañilería, Plomería o Carpintería)",,
MANTO-01305,BERNOS,Bruno Zermeno Moncada,Urgente,08/03/2026 18:14,,La máquina lava loza no está succionando los químicos de limpieza,,,,,,,Mantenimiento de Lavaloza,,
MANTO-01306,PUNTO SUR,Karen Valdez,Urgente,08/03/2026 19:58,,Cuadros de abre la puerta truna la parte de arriba nos preocupa que se pueda caer,,,,,,,Mantenimiento de Mobiliario,,
MANTO-01307,RUBEN DARIO,Cristian Lira,Regular,09/03/2026 07:39,REFRIGERACIÓN TOTAL,Aire acondicionado,05/03/2026 00:00,09/03/2026 08:33,El equipo no es la capacidad correcta,Terminado,4500,-4,Mantenimiento de Refrigeración,,
MANTO-01308,LA PERLA,Jessie Miranda,Urgente,09/03/2026 12:25,,"Falla en la camaras de seguridad, no mandan imagen al servidor. Aparecen como cargando.",,,,,,,Mantenimiento de Electrodomésticos,,
MANTO-01309,LA PERLA,Francisco Lopez,Urgente,09/03/2026 13:04,,No funciona la palanca para extraer papel de manos,,,,,,,"Mantenimiento General (Fontanería, Albañilería, Plomería o Carpintería)",,
MANTO-01310,PUNTO SUR,Arturo castaneda,Urgente,09/03/2026 13:48,,Se está filtrando los líquidos en las licuadoras.,,,,,,,Mantenimiento de Electrodomésticos,,
MANTO-01311,PUNTO SUR,Arturo castaneda,Urgente,10/03/2026 07:18,,"Puerta de ingreso dañada, no se mando proveedor",,,,,,,"Mantenimiento General (Fontanería, Albañilería, Plomería o Carpintería)",,
MANTO-01312,PUNTO SUR,Arturo castaneda,Regular,10/03/2026 08:58,,Cambio de area bocina terraza,,,,,,,Mantenimiento de Electrodomésticos,,
MANTO-01313,PUNTO SUR,Arturo castaneda,Regular,10/03/2026 08:59,MANTENIMIENTO,Instalación de jabonera caida,11/03/2026 00:00,10/03/2026 11:47,SE INSTALA JABONERA QUEDANDO FIJA CON 4 SINCHOS Y 2 TOIRNILLOS PASADOS,Terminado,0,1,Mantenimiento de Mobiliario,,
MANTO-01314,PUNTO SUR,Arturo castaneda,Regular,10/03/2026 09:00,,Limpieza de rack de audio y video,,,,,,,Mantenimiento de Electrodomésticos,,
MANTO-01315,BERNOS,Marc Alexandre Rimond,Urgente,10/03/2026 09:25,,"El tanque del filtro de agua ya no se llena. Ayer se cambió la tubería, y desconozco si no se movió eso. El filtro ya no se llena, y ya no tenemos agua potable.",,,,,,,Mantenimiento de Filtros de Agua,,
MANTO-01316,BERNOS,Marc Alexandre Rimond,Regular,10/03/2026 09:43,,"Al echar agua en la tarja de producción, el agua sale por la tubería.",,,,,,,"Mantenimiento General (Fontanería, Albañilería, Plomería o Carpintería)",,
MANTO-01317,RUBEN DARIO,Alberto,Urgente,10/03/2026 11:17,,Mantenimiento de extintores,,,,,,,Mantenimiento de Extintores,,
